"Depto","2010","2011","2012","2013","2014","2015","2016","2017","2018","2019","2020","2021","2022","2023","2024","2025","provincia"
"1",243946,245308,246689,248069,249433,250770,252053,253271,254408,255457,256405,257235,257934,258497,258922,"259205","2"
"2",150714,150573,150428,150278,150130,149985,149848,149720,149607,149510,149430,149371,149337,149328,149345,"149389","2"
"3",191323,191536,191750,191963,192171,192375,192573,192763,192945,193115,193276,193425,193560,193682,193790,"193884","2"
"4",234933,235497,236071,236646,237214,237769,238303,238809,239279,239712,240100,240437,240716,240937,241096,"241193","2"
"5",185301,185544,185789,186034,186276,186512,186740,186956,187159,187348,187518,187670,187800,187907,187991,"188053","2"
"6",183046,183309,183576,183843,184105,184363,184611,184846,185067,185271,185456,185620,185760,185875,185964,"186028","2"
"7",236838,237389,237946,238505,239057,239597,240116,240607,241065,241484,241861,242188,242460,242674,242828,"242921","2"
"8",219638,220655,221693,222733,223764,224770,225737,226649,227495,228266,228953,229541,230018,230380,230623,"230745","2"
"9",168681,168964,169248,169533,169814,170087,170353,170605,170842,171062,171264,171444,171600,171733,171839,"171921","2"
"10",169372,169506,169640,169775,169908,170037,170163,170282,170394,170497,170592,170677,170750,170811,170859,"170896","2"
"11",189760,189795,189829,189861,189893,189925,189956,189986,190016,190046,190076,190105,190135,190165,190195,"190225","2"
"12",211320,211699,212082,212467,212846,213218,213576,213914,214229,214518,214777,215002,215189,215335,215442,"215505","2"
"13",234846,235011,235178,235342,235506,235666,235819,235967,236107,236238,236358,236468,236566,236650,236723,"236781","2"
"14",226489,226558,226626,226692,226758,226821,226884,226944,227003,227060,227115,227168,227219,227268,227315,"227360","2"
"15",182274,182295,182315,182335,182354,182372,182390,182409,182427,182445,182465,182485,182506,182528,182551,"182574","2"
"Almirante Brown",557025,561349,565509,569911,574263,578513,582541,586564,590418,594270,597969,601618,605271,608878,612438,"616000","6"
"Avellaneda",345752,346847,347924,348999,350080,351165,352246,353273,354314,355352,356392,357440,358512,359550,360583,"361532","6"
"Berazategui",326109,330277,334458,338647,342682,346658,350578,354447,358262,362021,365771,369294,372889,376431,379921,"383458","6"
"Esteban Echeverría",300785,308861,316567,323806,331031,337890,344795,351564,358342,364641,370900,377237,383538,389731,395856,"402021","6"
"Ezeiza",163287,169284,175333,181122,186842,192430,197895,203292,208615,213864,219031,224228,229276,234233,239220,"244167","6"
"Florencio Varela",426738,436751,446287,455672,464939,473950,482757,491652,500225,508671,517082,525270,533446,541606,549812,"557936","6"
"General San Martín",418017,418790,419531,420271,421009,421725,422440,423153,423877,424567,425265,425911,426556,427191,427783,"428283","6"
"Hurlingham",182604,183764,184914,186052,187174,188280,189371,190447,191508,192554,193583,194597,195596,196582,197553,"198509","6"
"Ituzaingó",169038,170292,171536,172766,173981,175177,176356,177521,178670,179801,180914,182011,182993,183959,184910,"185845","6"
"José C. Paz",267275,271557,275801,279999,284145,288228,292304,296279,300035,303896,307443,311187,314878,318364,321710,"324990","6"
"La Matanza",1777530,1830526,1883251,1935394,1986784,2037428,2087359,2136695,2185597,2233860,2281194,2327874,2374149,2419872,2464843,"2509547","6"
"Lanús",463555,463478,463401,463325,463251,463178,463106,463034,462964,462895,462827,462760,462693,462628,462564,"462501","6"
"Lomas de Zamora",621440,624289,627150,630029,632842,635593,638287,640916,643437,645880,648312,650678,652937,655122,657218,"659249","6"
"Malvinas Argentinas",324358,328087,331834,335491,339152,342798,346406,349867,353281,356643,359953,363263,366479,369648,372771,"375896","6"
"Merlo",531609,539009,546383,554007,561566,569165,576737,584267,591763,599119,606413,613509,620307,626975,633540,"639681","6"
"Moreno",454416,463151,472015,481041,489912,498713,507403,516093,524675,533292,541691,549930,558068,566103,574034,"581729","6"
"Morón",324279,323680,323076,322489,321920,321351,320781,320218,319674,319138,318632,318104,317584,317073,316559,"316073","6"
"Quilmes",586462,594412,602436,610259,618106,626006,633913,641742,649480,657123,664783,672199,679375,686466,693277,"699997","6"
"San Fernando",164452,165554,166646,167726,168793,169844,170880,171902,172911,173904,174883,175845,176795,177731,178654,"179563","6"
"San Isidro",295894,295428,294992,294597,294215,293848,293496,293157,292831,292520,292224,291963,291704,291448,291276,"291097","6"
"San Miguel",278019,280822,283603,286386,289135,291845,294370,296861,299319,301740,304122,306469,308784,311065,313312,"315526","6"
"Tigre",376515,386131,395623,404649,413442,422108,430660,438906,447040,455056,462998,470776,478432,485999,493467,"500615","6"
"Tres de Febrero",343338,343441,343537,343617,343701,343792,343877,343917,343961,344011,344067,344117,344172,344221,344296,"344354","6"
"Vicente López",272389,271677,271078,270598,270139,269705,269294,268897,268509,268064,267655,267257,266880,266538,266203,"265885","6"
"Adolfo Alsina",17222,17249,17276,17303,17330,17356,17382,17407,17433,17458,17483,17507,17532,17556,17580,"17603","6"
"Adolfo Gonzales Chaves",12168,12142,12116,12091,12065,12040,12016,11992,11968,11944,11922,11899,11877,11855,11832,"11811","6"
"Alberti",10746,10773,10799,10824,10850,10875,10900,10924,10948,10972,10995,11018,11041,11064,11085,"11107","6"
"Arrecifes",29252,29473,29690,29905,30117,30326,30532,30735,30936,31133,31328,31520,31709,31895,32078,"32259","6"
"Ayacucho",20505,20588,20671,20752,20832,20911,20990,21067,21143,21218,21291,21364,21436,21506,21577,"21645","6"
"Azul",65836,66029,66221,66411,66598,66782,66965,67144,67321,67495,67667,67835,68002,68167,68329,"68487","6"
"Bahía Blanca",304206,304829,305445,306056,306657,307250,307836,308413,308982,309544,310095,310639,311175,311704,312224,"312738","6"
"Balcarce",44190,44349,44506,44662,44816,44966,45116,45262,45408,45551,45691,45829,45967,46102,46234,"46365","6"
"Baradero",32969,33325,33677,34027,34371,34710,35045,35375,35701,36022,36338,36649,36956,37258,37556,"37849","6"
"Benito Juárez",20429,20440,20450,20461,20472,20482,20493,20503,20513,20523,20532,20542,20551,20561,20570,"20579","6"
"Berisso",89070,89877,90675,91466,92246,93015,93773,94522,95259,95987,96701,97406,98101,98786,99461,"100126","6"
"Bolívar",34468,34626,34783,34939,35092,35244,35393,35540,35684,35828,35969,36108,36244,36378,36512,"36642","6"
"Bragado",41710,41756,41801,41846,41891,41935,41978,42020,42062,42103,42144,42184,42223,42262,42301,"42338","6"
"Brandsen",26480,26960,27436,27906,28371,28828,29279,29725,30164,30597,31023,31442,31856,32263,32665,"33061","6"
"Campana",95041,96152,97252,98340,99415,100474,101518,102549,103565,104566,105552,106522,107480,108423,109352,"110268","6"
"Cañuelas",52059,53205,54342,55468,56579,57673,58752,59817,60867,61903,62921,63923,64913,65888,66849,"67795","6"
"Capitán Sarmiento",14576,14767,14957,15144,15329,15512,15692,15869,16044,16216,16387,16553,16718,16881,17041,"17198","6"
"Carlos Casares",22407,22544,22680,22815,22947,23078,23206,23334,23459,23583,23704,23824,23941,24059,24173,"24286","6"
"Carlos Tejedor",11680,11679,11678,11677,11676,11675,11674,11673,11672,11671,11671,11669,11669,11667,11667,"11665","6"
"Carmen de Areco",14809,14888,14967,15044,15121,15197,15271,15345,15418,15489,15560,15629,15697,15765,15831,"15896","6"
"Castelli",8270,8312,8354,8396,8437,8478,8517,8556,8595,8633,8671,8708,8744,8781,8816,"8851","6"
"Chacabuco",49052,49431,49806,50179,50546,50907,51263,51615,51962,52304,52640,52971,53298,53620,53937,"54249","6"
"Chascomús",42548,42992,43432,43868,44299,44722,45140,45552,45958,46359,46754,47141,47524,47902,48273,"48640","6"
"Chivilcoy",64671,65066,65458,65845,66228,66605,66976,67343,67705,68062,68412,68758,69099,69435,69766,"70091","6"
"Colón",25063,25276,25487,25695,25901,26105,26305,26503,26697,26889,27078,27264,27447,27629,27806,"27982","6"
"Coronel de Marina Leonardo Rosales",62712,62796,62880,62962,63044,63124,63203,63281,63358,63433,63508,63581,63654,63725,63795,"63864","6"
"Coronel Dorrego",15998,15911,15829,15747,15668,15589,15511,15435,15359,15285,15212,15141,15070,15000,14931,"14864","6"
"Coronel Pringles",23179,23068,22965,22861,22760,22659,22561,22463,22368,22273,22180,22089,21999,21910,21823,"21737","6"
"Coronel Suárez",38628,38812,38988,39163,39336,39506,39673,39838,40001,40162,40320,40474,40627,40778,40927,"41073","6"
"Daireaux",17013,17138,17263,17387,17508,17629,17747,17863,17979,18093,18204,18314,18422,18530,18635,"18738","6"
"Dolores",27251,27406,27559,27711,27860,28007,28152,28296,28438,28576,28714,28849,28982,29113,29242,"29370","6"
"Ensenada",57123,57615,58103,58585,59062,59532,59995,60452,60903,61346,61783,62214,62638,63057,63469,"63874","6"
"Escobar",215256,218766,223018,227205,231337,235408,239461,243456,247385,251245,255073,258805,262495,266121,269692,"273209","6"
"Exaltación de la Cruz",29888,30591,31288,31978,32659,33330,33991,34643,35287,35922,36545,37161,37766,38364,38953,"39532","6"
"Florentino Ameghino",8932,9007,9082,9155,9228,9300,9371,9441,9510,9578,9645,9711,9776,9839,9903,"9964","6"
"General Alvarado",39837,40293,40744,41191,41632,42066,42494,42917,43334,43744,44149,44546,44938,45326,45707,"46083","6"
"General Alvear",11234,11260,11286,11311,11336,11361,11385,11410,11433,11456,11480,11503,11524,11546,11568,"11590","6"
"General Arenales",15042,15044,15047,15048,15050,15052,15054,15056,15058,15059,15061,15062,15064,15066,15068,"15070","6"
"General Belgrano",17474,17665,17856,18045,18230,18414,18594,18773,18949,19123,19293,19461,19627,19790,19951,"20110","6"
"General Guido",2841,2847,2852,2857,2862,2867,2872,2877,2882,2887,2892,2897,2901,2906,2910,"2915","6"
"General Juan Madariaga",19880,20062,20241,20419,20594,20767,20938,21106,21273,21436,21596,21755,21912,22065,22217,"22367","6"
"General La Madrid",10892,10866,10839,10814,10788,10763,10738,10713,10689,10665,10642,10619,10596,10573,10551,"10529","6"
"General Las Heras",14955,15215,15472,15727,15978,16226,16469,16710,16948,17182,17412,17639,17863,18083,18300,"18514","6"
"General Lavalle",3713,3792,3870,3947,4023,4099,4172,4246,4318,4389,4459,4528,4596,4663,4729,"4794","6"
"General Paz",11294,11343,11392,11441,11489,11536,11583,11629,11674,11719,11763,11806,11849,11891,11932,"11973","6"
"General Pinto",11363,11379,11394,11409,11423,11438,11452,11467,11481,11494,11508,11521,11534,11547,11560,"11573","6"
"General Pueyrredón",624388,627723,631064,634372,637637,640855,644055,647215,650332,653406,656456,659462,662430,665357,668242,"671085","6"
"General Rodríguez",87339,89700,92041,94357,96643,98895,101116,103308,105469,107599,109695,111759,113795,115802,117780,"119727","6"
"General Viamonte",18232,18288,18343,18397,18451,18505,18556,18608,18659,18709,18758,18807,18855,18903,18949,"18995","6"
"General Villegas",31092,31324,31555,31784,32009,32232,32451,32667,32880,33090,33297,33501,33701,33899,34094,"34286","6"
"Guaminí",11918,11988,12058,12127,12195,12263,12329,12394,12458,12522,12584,12646,12707,12766,12825,"12883","6"
"Hipólito Yrigoyen",9657,9722,9784,9847,9909,9970,10029,10089,10148,10205,10262,10318,10373,10427,10480,"10533","6"
"Junín",91192,92712,92811,92911,93013,93115,93168,93221,93274,93329,93384,93440,93497,93553,93611,"93670","6"
"La Costa",70033,70933,71826,72708,73580,74439,75285,76121,76945,77756,78554,79341,80118,80883,81637,"82379","6"
"La Plata",659575,664746,670477,676195,681831,687378,692779,698164,703504,708733,713947,719013,724010,728912,733741,"738505","6"
"Laprida",10287,10353,10417,10481,10544,10606,10668,10728,10788,10847,10905,10962,11018,11074,11128,"11182","6"
"Las Flores",24087,24127,24157,24186,24215,24244,24272,24300,24328,24355,24382,24410,24436,24462,24487,"24513","6"
"Leandro N. Alem",16942,16995,17047,17099,17150,17200,17250,17300,17348,17396,17442,17489,17534,17580,17624,"17667","6"
"Lincoln",42204,42216,42227,42238,42248,42259,42270,42281,42291,42302,42312,42323,42333,42342,42353,"42363","6"
"Lobería",17671,17736,17799,17863,17925,17986,18047,18107,18166,18224,18281,18338,18393,18447,18502,"18555","6"
"Lobos",36404,36765,37132,37496,37854,38208,38557,38900,39239,39573,39901,40225,40544,40858,41168,"41473","6"
"Luján",106886,108250,109603,110942,112263,113564,114848,116114,117364,118593,119805,120998,122174,123334,124477,"125602","6"
"Magdalena",18924,19121,19315,19508,19697,19883,20041,20195,20346,20493,20613,20729,20842,20953,21059,"21163","6"
"Maipú",10255,10263,10275,10288,10301,10314,10328,10343,10357,10372,10388,10402,10419,10435,10452,"10469","6"
"Mar Chiquita",21361,21782,22199,22612,23019,23420,23816,24206,24591,24971,25344,25712,26075,26432,26784,"27131","6"
"Marcos Paz",54337,55618,56887,58145,59385,60607,61811,63001,64174,65329,66466,67586,68691,69780,70853,"71909","6"
"Mercedes",63759,64184,64607,65025,65437,65844,66245,66640,67030,67415,67793,68165,68532,68895,69252,"69603","6"
"Monte",21111,21357,21638,21915,22207,22482,22832,23127,23396,23699,23896,24198,24485,24796,25103,"25393","6"
"Monte Hermoso",6534,6630,6718,6807,6895,6980,7064,7147,7230,7310,7390,7468,7546,7621,7695,"7769","6"
"Navarro",17184,17293,17399,17505,17609,17712,17815,17914,18013,18110,18206,18301,18394,18485,18575,"18665","6"
"Necochea",93730,93970,94207,94442,94673,94902,95126,95348,95568,95783,95995,96204,96410,96614,96814,"97011","6"
"9 de Julio",48150,48217,48283,48347,48413,48475,48539,48601,48661,48721,48780,48838,48896,48952,49008,"49063","6"
"Olavarría",112534,113339,114137,114926,115706,116473,117230,117977,118715,119441,120154,120858,121552,122236,122911,"123574","6"
"Patagones",30446,30610,30773,30935,31094,31250,31405,31557,31708,31856,32002,32146,32288,32427,32565,"32701","6"
"Pehuajó",40109,40249,40389,40527,40664,40798,40930,41060,41189,41316,41441,41564,41686,41805,41923,"42039","6"
"Pellegrini",5913,5929,5960,5972,5983,5995,6007,6020,6032,6045,6058,6072,6085,6099,6113,"6128","6"
"Pergamino",105420,105906,106387,106863,107332,107794,108251,108700,109145,109582,110012,110435,110854,111266,111672,"112071","6"
"Pila",3665,3697,3728,3760,3791,3821,3851,3880,3909,3937,3966,3994,4021,4048,4074,"4100","6"
"Pilar",299549,307852,316084,324228,332268,340189,347998,355707,363309,370798,378167,385426,392587,399645,406599,"413447","6"
"Pinamar",25798,26410,27015,27614,28206,28789,29364,29931,30491,31042,31584,32119,32646,33166,33677,"34182","6"
"Presidente Perón",81166,83780,86372,88936,91467,93960,96420,98847,101239,103597,105918,108203,110457,112680,114868,"117024","6"
"Puán",15871,15816,15761,15668,15576,15486,15396,15309,15223,15137,15054,14972,14891,14811,14733,"14657","6"
"Punta Indio",9964,10028,10093,10156,10219,10282,10343,10404,10463,10521,10579,10635,10692,10747,10802,"10855","6"
"Ramallo",33218,33697,34173,34644,35109,35567,36018,36463,36902,37335,37761,38180,38595,39003,39404,"39800","6"
"Rauch",15293,15385,15476,15566,15656,15743,15830,15916,16000,16083,16165,16246,16325,16404,16481,"16557","6"
"Rivadavia",16317,16430,16515,16589,16663,16746,16826,16904,16978,17050,17119,17184,17247,17307,17366,"17421","6"
"Rojas",23630,23705,23779,23852,23924,23995,24065,24134,24203,24269,24336,24401,24465,24529,24591,"24652","6"
"Roque Pérez",12365,12535,12692,12848,13000,13151,13298,13444,13587,13726,13863,13998,14129,14259,14386,"14511","6"
"Saavedra",20918,21028,21135,21242,21346,21449,21551,21651,21750,21847,21943,22037,22130,22221,22311,"22400","6"
"Saladillo",32317,32627,32936,33241,33542,33839,34131,34420,34705,34985,35261,35533,35802,36066,36326,"36583","6"
"Salto",32841,33260,33676,34087,34494,34894,35288,35678,36061,36440,36812,37179,37541,37897,38248,"38594","6"
"Salliqueló",8714,8721,8730,8740,8750,8760,8769,8779,8789,8799,8810,8819,8829,8840,8850,"8860","6"
"San Andrés de Giles",23168,23440,23709,23976,24240,24500,24755,25008,25257,25502,25744,25981,26216,26448,26675,"26899","6"
"San Antonio de Areco",23297,23504,23708,23910,24111,24307,24501,24693,24882,25068,25251,25431,25610,25785,25957,"26128","6"
"San Cayetano",8469,8503,8537,8571,8605,8638,8671,8704,8734,8766,8797,8827,8857,8887,8915,"8945","6"
"San Nicolás",146976,147855,148727,149589,150441,151279,152106,152922,153728,154520,155301,156069,156827,157575,158311,"159037","6"
"San Pedro",59466,59911,60352,60788,61219,61644,62061,62474,62881,63283,63677,64066,64450,64827,65200,"65567","6"
"San Vicente",59510,61374,63222,65051,66856,68634,70388,72118,73825,75506,77161,78791,80398,81983,83544,"85082","6"
"Suipacha",10134,10280,10424,10567,10707,10846,10983,11117,11250,11382,11510,11637,11763,11886,12008,"12128","6"
"Tandil",124631,126170,127689,129214,130718,132199,133659,135101,136522,137922,139300,140657,141996,143314,144614,"145893","6"
"Tapalqué",9238,9330,9421,9510,9598,9686,9772,9856,9940,10022,10103,10183,10262,10340,10416,"10491","6"
"Tordillo",1780,1783,1785,1788,1791,1794,1796,1799,1801,1804,1807,1809,1812,1814,1816,"1818","6"
"Tornquist",12810,12929,13048,13165,13281,13395,13507,13619,13728,13836,13942,14047,14150,14251,14352,"14450","6"
"Trenque Lauquen",43326,43676,44025,44369,44708,45043,45373,45699,46019,46336,46648,46954,47256,47554,47849,"48137","6"
"Tres Arroyos",57497,57502,57510,57520,57533,57543,57556,57572,57590,57611,57634,57660,57689,57720,57754,"57789","6"
"Tres Lomas",8409,8471,8508,8562,8600,8646,8686,8726,8764,8801,8837,8872,8906,8939,8971,"9002","6"
"25 de Mayo",36149,36247,36343,36439,36533,36627,36718,36808,36897,36985,37071,37156,37240,37323,37405,"37485","6"
"Villa Gesell",31845,32499,33147,33788,34421,35044,35660,36266,36865,37454,38034,38606,39170,39726,40273,"40812","6"
"Villarino",31162,31710,32251,32784,33312,33830,34341,34847,35344,35834,36315,36790,37258,37719,38172,"38619","6"
"Zárate",114957,116345,117720,119081,120425,121748,123054,124342,125613,126865,128096,129309,130506,131686,132848,"133993","6"
"Ambato",4599,4602,4606,4610,4614,4617,4621,4625,4628,4631,4634,4638,4641,4645,4648,"4651","10"
"Ancasti",3011,3001,2991,2981,2973,2963,2953,2944,2935,2926,2916,2908,2899,2890,2882,"2874","10"
"Andalgalá",18637,18775,18912,19048,19183,19319,19453,19586,19718,19848,19976,20102,20225,20346,20465,"20579","10"
"Antofagasta de la Sierra",1476,1494,1512,1530,1548,1566,1584,1602,1620,1637,1653,1670,1687,1703,1718,"1734","10"
"Belén",28598,28885,29171,29457,29742,30024,30305,30584,30859,31131,31399,31663,31921,32175,32421,"32660","10"
"Capayán",16505,16727,16950,17171,17392,17611,17829,18045,18258,18470,18678,18882,19082,19278,19469,"19654","10"
"Capital",163831,165837,167839,169833,171818,173792,175753,177700,179628,181531,183406,185250,187057,188824,190547,"192221","10"
"El Alto",3672,3696,3719,3744,3767,3790,3812,3836,3858,3881,3903,3924,3945,3966,3987,"4007","10"
"Fray Mamerto Esquiú",12209,12353,12496,12640,12782,12924,13064,13204,13342,13479,13614,13745,13875,14001,14125,"14246","10"
"La Paz",23262,23462,23660,23859,24057,24253,24448,24641,24834,25023,25209,25392,25572,25748,25918,"26085","10"
"Paclín",4314,4314,4313,4312,4311,4310,4310,4309,4308,4307,4307,4305,4305,4304,4303,"4302","10"
"Pomán",11058,11200,11342,11482,11622,11761,11900,12037,12173,12307,12439,12569,12696,12821,12942,"13060","10"
"Santa María",23200,23287,23374,23460,23546,23633,23718,23802,23886,23969,24050,24130,24209,24286,24361,"24434","10"
"Santa Rosa",12342,12529,12715,12901,13086,13270,13452,13633,13812,13990,14165,14336,14504,14668,14829,"14985","10"
"Tinogasta",23030,23058,23086,23113,23141,23167,23195,23221,23249,23275,23301,23326,23351,23375,23399,"23421","10"
"Valle Viejo",27932,28328,28722,29115,29506,29895,30281,30664,31044,31419,31788,32151,32507,32855,33194,"33525","10"
"Calamuchita",55280,56687,58121,59583,61071,62584,64122,65685,67272,68881,70512,72164,73837,75530,77241,"78970","14"
"Capital",1370585,1379518,1388374,1397130,1405753,1414201,1422453,1430554,1438492,1446201,1453684,1460905,1467867,1474541,1481028,"1487310","14"
"Colón",228332,235051,241916,248927,256076,263380,270852,278434,286115,293944,301889,309982,318211,326575,334971,"343397","14"
"Cruz del Eje",58817,59780,60751,61728,62711,63697,64686,65679,66671,67664,68656,69645,70632,71615,72593,"73564","14"
"General Roca",36260,36703,37147,37589,38032,38472,38910,39345,39776,40203,40626,41043,41454,41859,42257,"42647","14"
"General San Martín",128491,130104,131720,133335,134949,136555,138155,139746,141326,142892,144441,145973,147485,148975,150443,"151884","14"
"Ischilín",32581,32958,33335,33712,34088,34460,34830,35197,35562,35920,36276,36625,36968,37307,37637,"37961","14"
"Juárez Celman",61183,62044,62908,63775,64643,65511,66377,67242,68103,68960,69812,70658,71496,72326,73147,"73958","14"
"Marcos Juárez",105787,106757,107724,108682,109631,110567,111490,112398,113291,114165,115019,115851,116662,117448,118209,"118945","14"
"Minas",4933,4951,4968,4985,5000,5016,5029,5042,5054,5065,5075,5083,5090,5097,5101,"5104","14"
"Pocho",5434,5472,5509,5545,5581,5617,5651,5684,5716,5747,5778,5806,5834,5860,5885,"5908","14"
"Presidente Roque Sáenz Peña",36936,37299,37660,38018,38374,38725,39073,39415,39753,40084,40409,40727,41037,41340,41633,"41918","14"
"Punilla",178438,181781,185161,188574,192018,195488,198982,202497,206031,209578,213136,216702,220275,223850,227422,"230989","14"
"Río Cuarto",251770,254454,257133,259801,262452,265081,267685,270261,272804,275310,277775,280194,282566,284887,287152,"289359","14"
"Río Primero",47029,47706,48385,49068,49751,50435,51118,51800,52481,53159,53832,54501,55165,55825,56476,"57120","14"
"Río Seco",13779,13952,14125,14299,14472,14644,14816,14987,15158,15326,15494,15659,15822,15984,16143,"16300","14"
"Río Segundo",103966,105202,106438,107674,108905,110130,111347,112554,113752,114937,116106,117259,118396,119514,120611,"121685","14"
"San Alberto",37021,37687,38361,39040,39724,40414,41107,41804,42504,43206,43908,44613,45317,46021,46725,"47426","14"
"San Javier",53640,54302,54964,55625,56286,56944,57598,58249,58894,59534,60165,60790,61406,62013,62609,"63195","14"
"San Justo",206874,209103,211328,213545,215749,217935,220101,222244,224361,226448,228501,230517,232495,234432,236323,"238167","14"
"Santa María",99377,101266,103177,105108,107058,109023,111002,112995,114999,117013,119033,121060,123090,125124,127158,"129189","14"
"Sobremonte",4735,4771,4807,4841,4875,4908,4941,4973,5003,5034,5063,5091,5118,5144,5168,"5191","14"
"Tercero Arriba",112947,113867,114778,115680,116570,117444,118302,119143,119964,120764,121541,122294,123022,123723,124397,"125040","14"
"Totoral",18574,18879,19186,19495,19805,20117,20430,20744,21058,21372,21686,22000,22312,22623,22933,"23241","14"
"Tulumba",12958,13079,13198,13317,13435,13552,13667,13781,13892,14001,14108,14213,14314,14413,14510,"14603","14"
"Unión",107298,108400,109499,110593,111678,112754,113816,114868,115905,116924,117925,118906,119867,120804,121717,"122606","14"
"Bella Vista",38141,38494,38848,39201,39555,39905,40252,40597,40938,41271,41599,41918,42229,42532,42827,"43110","18"
"Berón de Astrada",2523,2553,2583,2613,2643,2673,2702,2732,2761,2789,2817,2844,2870,2896,2921,"2945","18"
"Capital",367002,371478,375966,380449,384925,389369,393790,398163,402483,406728,410878,414927,418880,422722,426443,"430053","18"
"Concepción",21587,22019,22452,22884,23315,23745,24171,24592,25010,25419,25819,26209,26590,26961,27321,"27669","18"
"Curuzú Cuatiá",45515,45959,46404,46848,47291,47732,48169,48603,49031,49452,49862,50264,50656,51036,51406,"51763","18"
"Empedrado",15515,15610,15703,15798,15892,15986,16078,16171,16261,16351,16437,16523,16606,16686,16765,"16841","18"
"Esquina",31644,31788,31933,32078,32223,32366,32508,32649,32788,32925,33059,33191,33318,33441,33563,"33678","18"
"General Alvear",8158,8156,8152,8149,8146,8143,8139,8137,8134,8131,8128,8127,8124,8122,8121,"8119","18"
"General Paz",15251,15299,15349,15398,15446,15495,15544,15592,15638,15685,15730,15774,15817,15860,15901,"15940","18"
"Goya",92346,92945,93545,94145,94743,95338,95928,96513,97091,97658,98213,98754,99283,99797,100296,"100778","18"
"Itatí",9409,9491,9573,9654,9735,9817,9897,9977,10055,10132,10208,10282,10353,10424,10491,"10557","18"
"Ituzaingó",32001,32170,32339,32510,32679,32847,33014,33180,33344,33505,33661,33815,33964,34110,34251,"34388","18"
"Lavalle",29458,29881,30306,30730,31153,31574,31992,32407,32815,33216,33609,33993,34366,34731,35083,"35424","18"
"Mburucuyá",9501,9559,9617,9675,9734,9791,9849,9906,9962,10017,10071,10124,10176,10226,10274,"10321","18"
"Mercedes",41741,42051,42361,42670,42980,43287,43592,43895,44193,44486,44773,45052,45326,45591,45849,"46098","18"
"Monte Caseros",37236,37706,38179,38651,39122,39590,40054,40515,40970,41417,41854,42279,42696,43100,43492,"43871","18"
"Paso de los Libres",49910,50322,50735,51149,51561,51971,52377,52780,53179,53570,53952,54326,54690,55044,55387,"55720","18"
"Saladas",22831,22998,23165,23333,23498,23664,23829,23991,24152,24310,24464,24615,24762,24905,25044,"25179","18"
"San Cosme",14732,14936,15140,15346,15551,15753,15955,16156,16352,16546,16736,16921,17102,17278,17447,"17613","18"
"San Luis del Palmar",18033,18227,18420,18614,18806,18999,19188,19377,19563,19746,19925,20100,20270,20435,20596,"20752","18"
"San Martín",13467,13629,13790,13952,14114,14275,14433,14592,14747,14901,15051,15197,15340,15478,15613,"15742","18"
"San Miguel",10856,10926,10996,11066,11136,11205,11274,11343,11410,11475,11540,11604,11665,11725,11783,"11840","18"
"San Roque",18863,18968,19072,19178,19282,19386,19489,19591,19692,19791,19888,19983,20075,20165,20252,"20336","18"
"Santo Tomé",62721,63784,64850,65915,66978,68035,69084,70123,71150,72157,73143,74106,75045,75957,76843,"77699","18"
"Sauce",9290,9299,9308,9319,9328,9337,9347,9356,9365,9374,9384,9392,9401,9409,9417,"9424","18"
"Almirante Brown",34758,35574,36392,37211,38029,38844,39654,40457,41254,42039,42810,43567,44310,45038,45749,"46444","22"
"Bermejo",25673,25865,26060,26254,26447,26641,26833,27024,27212,27398,27581,27761,27937,28110,28278,"28443","22"
"Chacabuco",31272,31757,32244,32732,33220,33704,34186,34666,35140,35607,36066,36517,36960,37393,37816,"38231","22"
"Comandante Fernández",99094,100644,102201,103761,105318,106868,108409,109942,111457,112951,114419,115861,117275,118660,120015,"121338","22"
"12 de Octubre",22779,23137,23495,23854,24214,24570,24925,25278,25626,25970,26309,26640,26966,27285,27597,"27901","22"
"2 de Abril",7670,7688,7709,7732,7754,7777,7799,7822,7844,7866,7888,7909,7931,7952,7972,"7993","22"
"Fray Justo Santa María de Oro",12079,12310,12542,12773,13005,13236,13466,13694,13920,14142,14361,14575,14786,14992,15193,"15391","22"
"General Belgrano",12238,12491,12746,13000,13255,13509,13759,14011,14257,14502,14741,14977,15208,15435,15656,"15872","22"
"General Donovan",13842,13890,13937,13985,14033,14081,14128,14174,14221,14266,14311,14355,14398,14440,14481,"14522","22"
"General Güemes",68691,69580,70472,71364,72256,73143,74025,74902,75769,76624,77464,78289,79099,79891,80666,"81424","22"
"Independencia",22926,23238,23553,23867,24181,24493,24804,25113,25418,25719,26014,26305,26589,26868,27141,"27408","22"
"Libertad",12419,12648,12878,13109,13340,13569,13796,14023,14247,14469,14685,14898,15107,15312,15513,"15709","22"
"Libertador General San Martín",60499,61340,62185,63029,63874,64714,65549,66379,67199,68009,68805,69585,70352,71102,71836,"72552","22"
"Maipú",25950,26067,26196,26324,26450,26574,26694,26812,26925,27033,27136,27234,27327,27414,27495,"27571","22"
"Mayor Luis J. Fontana",56458,56823,57187,57552,57916,58279,58640,58997,59351,59701,60044,60381,60712,61036,61352,"61663","22"
"9 de Julio",29236,29543,29851,30159,30467,30773,31077,31380,31680,31974,32265,32550,32829,33102,33370,"33632","22"
"O'Higgins",20642,20757,20873,20988,21105,21219,21333,21447,21559,21669,21778,21885,21990,22092,22193,"22291","22"
"Presidencia de la Plaza",12816,12885,12954,13022,13092,13160,13228,13295,13362,13427,13492,13555,13617,13679,13738,"13797","22"
"1º de Mayo",10542,10742,10942,11143,11343,11543,11741,11938,12134,12326,12515,12701,12883,13061,13235,"13406","22"
"Quitilipi",34888,35275,35664,36053,36442,36829,37213,37596,37975,38347,38714,39073,39426,39773,40110,"40441","22"
"San Fernando",400053,404373,408691,413022,417339,421638,425922,430173,434391,438554,442642,446661,450608,454478,458272,"461965","22"
"San Lorenzo",15073,15168,15263,15360,15454,15550,15644,15738,15830,15922,16012,16099,16186,16271,16354,"16435","22"
"Sargento Cabral",16273,16438,16605,16772,16939,17105,17271,17435,17598,17757,17914,18069,18220,18369,18514,"18656","22"
"Tapenagá",4210,4215,4221,4226,4232,4238,4243,4247,4252,4255,4258,4260,4261,4261,4261,"4261","22"
"25 de Mayo",29936,30177,30419,30661,30903,31144,31384,31622,31856,32089,32317,32540,32759,32975,33185,"33391","22"
"Biedma",83160,86232,89343,92509,95730,99004,102331,105713,109145,112626,116160,119737,123366,127040,130761,"134525","26"
"Cushamen",21118,21495,21863,22221,22579,22925,23259,23586,23910,24228,24538,24835,25126,25407,25689,"25954","26"
"Escalante",187917,192629,197295,201973,206647,211306,215956,220603,225237,229821,234397,238946,243481,247987,252463,"256916","26"
"Florentino Ameghino",1647,1664,1679,1695,1711,1725,1739,1752,1764,1776,1785,1795,1804,1813,1821,"1828","26"
"Futaleufú",43538,44156,44764,45354,45927,46481,47017,47536,48035,48515,48976,49418,49842,50246,50632,"50999","26"
"Gaiman",11253,11435,11614,11790,11962,12130,12293,12453,12608,12759,12904,13047,13184,13316,13445,"13568","26"
"Gastre",1454,1438,1428,1422,1409,1401,1398,1394,1387,1377,1368,1365,1358,1353,1342,"1338","26"
"Languiñeo",3130,3136,3142,3147,3149,3149,3147,3145,3140,3135,3127,3118,3107,3096,3082,"3068","26"
"Mártires",794,781,769,761,753,747,741,734,729,725,715,711,704,700,695,"692","26"
"Paso de Indios",1897,1892,1887,1880,1873,1865,1855,1845,1834,1822,1809,1796,1781,1767,1750,"1735","26"
"Rawson",132849,134337,135772,137147,138456,139696,140869,141970,143006,143968,144869,145697,146455,147153,147788,"148358","26"
"Río Senguer",6073,6063,6095,6114,6130,6153,6173,6182,6191,6227,6248,6266,6281,6295,6308,"6318","26"
"Sarmiento",11459,11805,12154,12506,12863,13221,13583,13948,14314,14683,15055,15427,15802,16179,16559,"16939","26"
"Tehuelches",5467,5484,5499,5511,5521,5527,5530,5531,5529,5523,5516,5506,5493,5479,5461,"5441","26"
"Telsen",1677,1654,1641,1626,1609,1592,1575,1564,1551,1544,1527,1517,1510,1499,1488,"1476","26"
"Colón",62929,64262,65610,66978,68364,69769,71191,72630,74086,75555,77039,78535,80043,81563,83093,"84632","30"
"Concordia",172660,174685,176214,178095,179976,181853,183725,185592,187448,189291,191117,192924,194711,196476,198216,"199927","30"
"Diamante",47112,47551,47990,48428,48863,49294,49721,50145,50565,50978,51384,51782,52175,52558,52933,"53298","30"
"Federación",69640,70953,72276,73615,74969,76335,77715,79106,80510,81921,83341,84769,86203,87641,89084,"90530","30"
"Federal",26298,26497,26695,26892,27087,27279,27468,27654,27836,28014,28189,28358,28522,28682,28836,"28984","30"
"Feliciano",15332,15451,15570,15688,15804,15919,16033,16145,16255,16363,16468,16571,16670,16767,16861,"16951","30"
"Gualeguay",52692,53285,53879,54472,55065,55656,56245,56832,57414,57993,58565,59130,59690,60241,60785,"61320","30"
"Gualeguaychú",111146,112462,113779,115098,116416,117732,119044,120352,121655,122948,124231,125501,126759,128003,129229,"130439","30"
"Islas del Ibicuy",12273,12391,12508,12625,12742,12857,12972,13086,13199,13310,13420,13527,13633,13737,13839,"13937","30"
"La Paz",68082,68427,69021,69432,69835,70230,70615,70991,71356,71710,72051,72378,72691,72990,73274,"73542","30"
"Nogoyá",39721,39900,40077,40251,40419,40582,40739,40891,41036,41174,41304,41427,41541,41646,41742,"41830","30"
"Paraná",345428,348672,351907,355130,358337,361515,364668,367792,370876,373924,376912,379856,382741,385567,388325,"391022","30"
"San Salvador",17622,17840,18059,18278,18497,18717,18936,19155,19373,19589,19804,20018,20229,20439,20646,"20850","30"
"Tala",26139,26205,26271,26334,26392,26447,26499,26546,26589,26626,26659,26686,26708,26724,26735,"26739","30"
"Uruguay",102315,103416,104516,105617,106714,107807,108894,109975,111048,112111,113161,114198,115221,116229,117220,"118192","30"
"Victoria",36347,36688,37029,37369,37707,38042,38373,38702,39028,39349,39665,39974,40279,40576,40868,"41152","30"
"Villaguay",49838,50059,50530,50819,51103,51381,51651,51914,52169,52414,52651,52876,53092,53297,53491,"53674","30"
"Bermejo",14614,14788,14962,15135,15305,15473,15641,15805,15968,16127,16281,16431,16576,16718,16853,"16983","34"
"Formosa",243648,246546,249432,252299,255142,257952,260727,263471,266173,268814,271381,273881,276309,278654,280914,"283080","34"
"Laishi",17777,17905,18033,18161,18287,18413,18536,18658,18777,18895,19009,19120,19228,19333,19433,"19529","34"
"Matacos",14930,15162,15394,15623,15852,16078,16300,16521,16737,16949,17156,17356,17551,17739,17920,"18094","34"
"Patiño",71425,72006,72584,73159,73730,74293,74850,75401,75942,76471,76987,77488,77974,78445,78898,"79333","34"
"Pilagás",19168,19312,19454,19595,19736,19875,20013,20149,20282,20412,20540,20663,20783,20899,21011,"21118","34"
"Pilcomayo",88467,89356,90241,91121,91994,92855,93709,94551,95379,96189,96978,97745,98490,99211,99905,"100571","34"
"Pirané",67331,67595,67856,68117,68375,68631,68883,69133,69378,69618,69852,70079,70300,70514,70720,"70917","34"
"Ramón Lista",14266,14553,14838,15121,15402,15680,15955,16227,16493,16754,17009,17256,17495,17727,17951,"18165","34"
"Cochinoca",12873,12955,13036,13114,13190,13265,13336,13405,13471,13533,13592,13647,13699,13747,13791,"13832","38"
"Dr. Manuel Belgrano",269080,273067,277070,281080,285090,289087,293073,297051,301009,304936,308821,312671,316474,320238,323959,"327628","38"
"El Carmen",98361,100146,101941,103748,105566,107391,109222,111058,112896,114733,116567,118397,120222,122041,123852,"125650","38"
"Humahuaca",17665,17780,17896,18008,18117,18222,18324,18423,18517,18606,18692,18771,18847,18917,18982,"19041","38"
"Ledesma",83170,83841,84506,85161,85803,86431,87042,87639,88216,88774,89309,89823,90315,90783,91229,"91648","38"
"Palpalá",53437,54110,54782,55453,56120,56784,57441,58093,58737,59374,59999,60614,61220,61814,62396,"62965","38"
"Rinconada",2525,2565,2597,2634,2670,2709,2748,2784,2821,2860,2903,2943,2987,3034,3075,"3118","38"
"San Antonio",4518,4628,4739,4852,4966,5082,5200,5318,5439,5560,5684,5808,5933,6059,6185,"6314","38"
"San Pedro",76300,76907,77509,78101,78682,79249,79801,80338,80859,81362,81843,82305,82747,83167,83565,"83940","38"
"Santa Bárbara",18041,18161,18280,18395,18507,18617,18722,18824,18921,19015,19103,19185,19264,19337,19405,"19466","38"
"Santa Catalina",2861,2840,2816,2791,2766,2741,2721,2695,2670,2644,2619,2597,2577,2555,2529,"2502","38"
"Susques",3856,3885,3915,3943,3972,4000,4027,4053,4079,4104,4127,4151,4172,4194,4214,"4233","38"
"Tilcara",12499,12777,13057,13341,13629,13918,14211,14508,14807,15107,15410,15713,16019,16326,16634,"16943","38"
"Tumbaya",4741,4765,4789,4813,4835,4857,4877,4897,4915,4932,4948,4962,4975,4987,4997,"5005","38"
"Valle Grande",2495,2509,2523,2536,2550,2563,2575,2587,2598,2609,2619,2628,2637,2644,2652,"2659","38"
"Yavi",21091,21443,21796,22151,22508,22864,23222,23579,23936,24291,24645,24997,25348,25696,26042,"26384","38"
"Atreucó",10436,10461,10484,10505,10523,10539,10553,10565,10573,10580,10584,10585,10583,10579,10572,"10563","42"
"Caleu Caleu",2367,2407,2447,2487,2527,2567,2607,2648,2688,2729,2768,2809,2848,2889,2928,"2967","42"
"Capital",107914,109162,110396,111626,112846,114047,115221,116384,117536,118669,119781,120858,121922,122966,123989,"124984","42"
"Catriló",7480,7549,7618,7686,7753,7817,7881,7945,8006,8066,8124,8181,8236,8290,8342,"8392","42"
"Chalileo",3051,3112,3174,3236,3298,3361,3424,3488,3551,3616,3680,3744,3807,3871,3935,"4000","42"
"Chapaleufú",11914,12037,12159,12280,12400,12518,12632,12747,12860,12971,13079,13185,13289,13390,13489,"13584","42"
"Chical Co",1547,1543,1540,1536,1531,1532,1530,1527,1524,1520,1519,1518,1515,1514,1513,"1512","42"
"Conhelo",14487,14466,14445,14418,14391,14358,14338,14306,14269,14229,14191,14165,14124,14076,14024,"13970","42"
"Curacó",1066,1079,1093,1105,1118,1131,1144,1156,1169,1180,1193,1204,1217,1228,1240,"1251","42"
"Guatraché",9088,9075,9061,9044,9026,9005,8982,8957,8931,8902,8871,8838,8803,8766,8726,"8685","42"
"Hucal",7768,7732,7695,7657,7617,7581,7552,7518,7482,7445,7406,7370,7339,7305,7270,"7234","42"
"Lihuel Calel",457,439,424,408,394,380,369,357,345,334,324,314,305,296,289,"282","42"
"Limay Mahuida",516,521,528,535,543,549,556,563,570,577,583,590,597,604,611,"618","42"
"Loventué",8854,8890,8924,8958,8988,9017,9044,9069,9092,9113,9131,9147,9161,9173,9183,"9190","42"
"Maracó",60477,61197,61912,62622,63326,64023,64708,65385,66055,66716,67361,67995,68619,69231,69832,"70419","42"
"Puelén",9664,9901,10138,10380,10623,10872,11123,11376,11634,11894,12157,12423,12691,12962,13235,"13511","42"
"Quemú Quemú",8903,8928,8954,8977,8998,9016,9033,9049,9062,9072,9080,9087,9090,9093,9092,"9089","42"
"Rancul",10966,10990,11014,11035,11054,11069,11082,11093,11102,11108,11111,11111,11108,11103,11095,"11084","42"
"Realicó",16645,16790,16934,17076,17215,17352,17484,17615,17742,17866,17986,18102,18215,18324,18429,"18529","42"
"Toay",12609,13091,13581,14087,14608,15141,15675,16232,16805,17395,17994,18605,19234,19878,20540,"21219","42"
"Trenel",5591,5562,5534,5504,5472,5440,5418,5393,5368,5342,5325,5306,5287,5266,5245,"5223","42"
"Utracán",15228,15336,15441,15544,15644,15741,15835,15926,16014,16098,16180,16257,16332,16403,16468,"16532","42"
"Arauco",15835,16051,16271,16493,16718,16944,17171,17400,17629,17856,18083,18309,18533,18755,18975,"19191","46"
"Capital",185579,189203,192872,196588,200334,204110,207904,211706,215513,219320,223101,226872,230610,234308,237966,"241574","46"
"Castro Barros",4417,4430,4444,4458,4472,4485,4498,4512,4525,4539,4553,4566,4580,4594,4607,"4621","46"
"Chamical",14565,14670,14778,14886,14996,15108,15218,15330,15442,15554,15664,15775,15884,15994,16100,"16206","46"
"Chilecito",50720,51601,52490,53391,54302,55217,56126,57049,57972,58894,59812,60721,61622,62516,63397,"64269","46"
"Coronel Felipe Varela",9945,9936,9927,9918,9909,9900,9890,9881,9872,9863,9853,9844,9835,9826,9817,"9808","46"
"Famatina",6052,6011,5974,5935,5894,5856,5828,5789,5751,5712,5674,5641,5608,5575,5544,"5513","46"
"General Angel V. Peñaloza",3167,3169,3171,3173,3175,3177,3179,3181,3183,3185,3187,3188,3191,3193,3195,"3197","46"
"General Belgrano",7584,7624,7664,7704,7745,7786,7827,7869,7911,7951,7993,8033,8075,8115,8155,"8194","46"
"General Juan F. Quiroga",4245,4200,4157,4112,4069,4022,3979,3941,3900,3857,3819,3777,3736,3702,3668,"3634","46"
"General Lamadrid",1786,1791,1797,1803,1809,1815,1821,1827,1833,1839,1846,1851,1857,1864,1869,"1875","46"
"General Ocampo",7367,7352,7337,7322,7307,7291,7276,7259,7244,7228,7213,7197,7182,7166,7152,"7136","46"
"General San Martín",5092,5102,5112,5124,5134,5144,5156,5166,5176,5188,5198,5208,5220,5230,5240,"5250","46"
"Independencia",2498,2506,2514,2522,2532,2541,2550,2559,2568,2576,2587,2596,2604,2614,2623,"2632","46"
"Rosario Vera Peñaloza",14454,14567,14681,14795,14912,15029,15147,15265,15383,15501,15619,15736,15852,15967,16081,"16193","46"
"San Blas de los Sauces",4049,4035,4021,4006,3991,3976,3961,3945,3930,3914,3899,3884,3869,3854,3840,"3826","46"
"Sanagasta",2411,2435,2460,2485,2510,2536,2562,2588,2613,2639,2665,2691,2716,2741,2765,"2790","46"
"Vinchina",2816,2811,2806,2801,2796,2791,2786,2780,2775,2770,2765,2759,2753,2746,2741,"2736","46"
"Capital",117730,117952,118172,118390,118607,118821,119033,119243,119450,119654,119854,120051,120246,120437,120625,"120809","50"
"General Alvear",47456,47793,48130,48463,48793,49120,49442,49761,50076,50387,50693,50993,51288,51580,51864,"52143","50"
"Godoy Cruz",196209,197283,198353,199413,200465,201503,202530,203546,204549,205537,206510,207466,208408,209332,210239,"211129","50"
"Guaymallén",289412,293908,298371,302808,307201,311541,315833,320079,324272,328402,332468,336466,340402,344264,348055,"351771","50"
"Junín",38652,39103,39553,39998,40440,40876,41309,41735,42156,42572,42980,43382,43778,44167,44548,"44921","50"
"La Paz",10238,10299,10362,10423,10483,10543,10602,10660,10718,10775,10831,10886,10940,10993,11046,"11097","50"
"Las Heras",207786,210699,213595,216470,219317,222132,224915,227667,230384,233063,235699,238291,240841,243346,245804,"248214","50"
"Lavalle",37445,38133,38818,39497,40170,40836,41493,42143,42785,43418,44040,44653,45255,45847,46428,"46997","50"
"Luján de Cuyo",122187,124392,126585,128762,130918,133049,135156,137239,139297,141325,143320,145283,147214,149110,150970,"152795","50"
"Maipú",175777,178432,181072,183692,186287,188853,191390,193898,196375,198816,201218,203581,205905,208189,210428,"212624","50"
"Malargüe",28151,28828,29501,30170,30832,31486,32134,32775,33406,34029,34642,35246,35839,36421,36993,"37553","50"
"Rivadavia",57567,58187,58806,59419,60025,60626,61219,61806,62385,62956,63518,64071,64615,65149,65673,"66187","50"
"San Carlos",33250,33885,34519,35146,35768,36382,36989,37591,38183,38768,39343,39910,40466,41013,41550,"42076","50"
"San Martín",120667,122163,123651,125127,126590,128036,129465,130878,132274,133649,135003,136334,137645,138931,140194,"141430","50"
"San Rafael",191943,194157,196359,198544,200708,202848,204963,207055,209121,211157,213160,215131,217068,218973,220841,"222672","50"
"Santa Rosa",16744,16850,16955,17059,17163,17266,17367,17466,17565,17663,17758,17852,17944,18035,18125,"18212","50"
"Tunuyán",50369,51418,52460,53495,54520,55533,56534,57525,58503,59467,60416,61349,62266,63168,64053,"64921","50"
"Tupungato",33154,33753,34346,34937,35522,36100,36671,37237,37794,38344,38885,39418,39941,40456,40960,"41455","50"
"Apóstoles",42722,43211,43696,44177,44653,45123,45588,46047,46501,46948,47387,47819,48244,48661,49070,"49471","54"
"Cainguás",53989,54699,55402,56100,56790,57472,58145,58813,59470,60119,60756,61382,61998,62605,63198,"63780","54"
"Candelaria",27292,27829,28363,28891,29413,29930,30440,30946,31445,31936,32419,32893,33360,33819,34269,"34710","54"
"Capital",328135,332673,337177,341638,346054,350410,354719,358986,363204,367349,371424,375429,379374,383246,387045,"390765","54"
"Concepción",9697,9758,9818,9877,9937,9995,10052,10109,10165,10221,10275,10328,10381,10433,10484,"10533","54"
"Eldorado",79027,80227,81419,82600,83768,84922,86063,87192,88307,89405,90484,91543,92588,93613,94618,"95603","54"
"General Manuel Belgrano",43255,44314,45364,46405,47435,48452,49458,50453,51435,52404,53354,54289,55209,56113,57000,"57868","54"
"Guaraní",68585,69734,70874,72005,73124,74228,75320,76402,77469,78520,79553,80568,81567,82549,83512,"84454","54"
"Iguazú",82952,84724,86480,88222,89945,91647,93328,94994,96639,98258,99849,101413,102952,104465,105947,"107400","54"
"Leandro N. Alem",45612,46016,46416,46813,47205,47593,47976,48355,48730,49098,49461,49817,50167,50512,50850,"51181","54"
"Libertador General San Martín",47102,47585,48063,48539,49008,49471,49930,50384,50831,51273,51706,52133,52552,52963,53367,"53763","54"
"Montecarlo",37187,37504,37819,38130,38438,38743,39044,39342,39635,39925,40209,40490,40765,41035,41301,"41559","54"
"Oberá",108681,110049,111406,112750,114081,115394,116693,117979,119248,120499,121727,122934,124122,125290,126436,"127556","54"
"San Ignacio",58463,58798,59131,59461,59788,60111,60430,60745,61058,61365,61666,61963,62254,62541,62822,"63097","54"
"San Javier",21155,21346,21534,21721,21907,22089,22271,22449,22626,22800,22971,23139,23304,23466,23626,"23782","54"
"San Pedro",31294,32117,32932,33740,34540,35330,36111,36884,37647,38399,39137,39863,40578,41281,41969,"42642","54"
"25 de Mayo",28131,28214,28295,28376,28456,28536,28614,28691,28767,28843,28916,28989,29061,29131,29200,"29267","54"
"Aluminé",8582,8875,9172,9474,9781,10092,10408,10729,11054,11384,11718,12057,12400,12749,13101,"13459","58"
"Añelo",11121,11604,12102,12614,13142,13683,14239,14812,15400,16003,16622,17258,17910,18580,19266,"19970","58"
"Catán Lil",2695,2718,2741,2763,2784,2805,2825,2843,2861,2879,2896,2912,2927,2941,2955,"2968","58"
"Chos Malal",15853,16022,16185,16341,16490,16630,16764,16891,17011,17123,17229,17327,17419,17503,17583,"17656","58"
"Collón Curá",4717,4738,4758,4779,4799,4820,4840,4859,4879,4899,4918,4937,4955,4973,4991,"5009","58"
"Confluencia",376434,382083,387611,393009,398269,403382,408353,413185,417874,422415,426804,431047,435156,439124,442956,"446648","58"
"Huiliches",15274,15548,15820,16088,16352,16611,16866,17116,17363,17605,17842,18074,18302,18526,18744,"18959","58"
"Lácar",30819,31523,32227,32929,33629,34326,35018,35709,36395,37078,37756,38429,39099,39765,40426,"41084","58"
"Loncopué",7196,7273,7348,7421,7491,7558,7623,7686,7745,7802,7858,7910,7961,8009,8055,"8099","58"
"Los Lagos",12293,12775,13268,13774,14291,14820,15362,15914,16480,17057,17647,18248,18863,19491,20132,"20786","58"
"Minas",7620,7654,7688,7721,7753,7785,7815,7847,7876,7906,7935,7963,7990,8017,8044,"8071","58"
"Ñorquín",5649,5692,5735,5777,5816,5856,5893,5930,5965,5999,6031,6062,6092,6121,6149,"6175","58"
"Pehuenches",23587,24754,25920,27084,28246,29402,30553,31697,32835,33963,35081,36189,37286,38372,39447,"40509","58"
"Picún Leufú",4757,4813,4868,4924,4978,5031,5083,5134,5185,5235,5282,5330,5375,5421,5466,"5508","58"
"Picunches",7294,7386,7474,7558,7641,7720,7796,7869,7939,8005,8069,8130,8188,8243,8295,"8344","58"
"Zapala",38019,38262,38505,38747,38987,39224,39459,39692,39922,40148,40369,40588,40803,41015,41223,"41428","58"
"Adolfo Alsina",58594,59298,60002,60701,61396,62086,62771,63452,64124,64791,65450,66102,66746,67383,68011,"68631","62"
"Avellaneda",35882,36342,36799,37255,37709,38158,38604,39047,39486,39920,40349,40774,41193,41608,42018,"42422","62"
"Bariloche",135338,138259,141169,144067,146948,149808,152646,155462,158251,161012,163743,166443,169112,171749,174351,"176919","62"
"Conesa",7177,7285,7391,7498,7604,7708,7813,7916,8019,8119,8221,8319,8417,8515,8609,"8704","62"
"El Cuy",5348,5496,5643,5788,5934,6078,6221,6363,6505,6643,6781,6918,7052,7185,7317,"7446","62"
"General Roca",326007,330502,334968,339476,343954,348406,352820,357230,361612,366014,370245,374450,378623,382550.642653387,386605,"390644","62"
"9 de julio",3549,3534,3510,3487,3464,3442,3419,3397,3376,3354,3334,3313,3293,3272,3253,"3233","62"
"Ñorquincó",1782,1733,1705,1661,1619,1585,1553,1522,1491,1460,1430,1401,1371,1349,1321,"1294","62"
"Pichi Mahuida",14368,14375,14382,14390,14397,14404,14412,14419,14426,14433,14441,14448,14454,14461,14468,"14475","62"
"Pilcaniyeu",7526,7714,7901,8088,8274,8458,8641,8822,9002,9180,9356,9530,9702,9873,10040,"10206","62"
"San Antonio",29668,30412,31155,31894,32630,33360,34084,34803,35515,36107,36787,37460,38126,38961,39625,"40280","62"
"Valcheta",7067,7261,7462,7616,7769,7910,8049,8155,8249,8393,8556,8697,8824,8956.00837897526,9080,"9161","62"
"25 de Mayo",15971,16275,16576,16876,17175,17471,17766,18058,18347,18634,18917,19197,19474,19747,20017,"20282","62"
"Anta",58556,59619,60679,61736,62788,63830,64866,65896,66918,67927,68925,69909,70881,71843,72788,"73719","66"
"Cachi",7487,7506,7524,7543,7562,7580,7599,7617,7636,7653,7672,7689,7706,7724,7740,"7756","66"
"Cafayate",15112,15526,15941,16354,16764,17172,17577,17979,18378,18774,19162,19548,19927,20303,20672,"21036","66"
"Capital",546858,555499,564108,572685,581223,589696,598107,606474,614764,622964,631058,639055,646956,654756,662439,"670002","66"
"Cerrillos",36363,37623,38881,40134,41380,42617,43845,45066,46277,47476,48658,49825,50979,52117,53240,"54343","66"
"Chicoana",21127,21478,21826,22175,22520,22863,23205,23543,23879,24212,24541,24864,25184,25501,25811,"26119","66"
"General Güemes",48194,48913,49630,50346,51057,51763,52465,53161,53853,54536,55211,55877,56535,57185,57826,"58456","66"
"General José de San Martín",160093,162633,165169,167695,170207,172700,175176,177638,180080,182495,184877,187231,189556,191852,194114,"196340","66"
"Guachipas",3264,3266,3269,3271,3273,3276,3279,3281,3283,3286,3288,3290,3293,3295,3297,"3299","66"
"Iruya",6138,6101,6066,6030,5994,5959,5924,5889,5854,5820,5786,5752,5720,5687,5655,"5623","66"
"La Caldera",7888,8161,8434,8705,8975,9242,9508,9773,10035,10295,10551,10804,11054,11300,11543,"11782","66"
"La Candelaria",5828,5891,5955,6019,6082,6146,6208,6269,6331,6392,6452,6511,6571,6628,6686,"6741","66"
"La Poma",1779,1779,1778,1777,1777,1776,1775,1776,1775,1774,1773,1773,1772,1771,1771,"1771","66"
"La Viña",7602,7652,7702,7751,7801,7849,7897,7945,7993,8041,8088,8133,8179,8224,8269,"8312","66"
"Los Andes",6181,6247,6312,6378,6443,6506,6571,6634,6697,6759,6821,6882,6942,7002,7060,"7117","66"
"Metán",41259,41510,41762,42012,42261,42507,42753,42997,43239,43478,43714,43947,44178,44405,44629,"44849","66"
"Molinos",5783,5801,5819,5836,5854,5872,5889,5906,5924,5941,5958,5974,5991,6006,6022,"6038","66"
"Orán",141683,143824,145959,148088,150203,152304,154390,156464,158520,160555,162562,164544,166504,168438,170343,"172219","66"
"Rivadavia",30997,31418,31839,32258,32675,33088,33499,33907,34313,34714,35109,35499,35885,36266,36641,"37010","66"
"Rosario de la Frontera",29644,29824,30003,30182,30359,30534,30709,30883,31055,31225,31393,31560,31723,31885,32045,"32203","66"
"Rosario de Lerma",39480,40134,40787,41438,42084,42726,43364,43998,44626,45248,45862,46467,47067,47657,48240,"48813","66"
"San Carlos",7187,7176,7167,7156,7145,7136,7126,7116,7106,7096,7087,7077,7068,7058,7050,"7040","66"
"Santa Victoria",10608,10530,10452,10375,10299,10223,10146,10071,9996,9923,9849,9777,9707,9636,9567,"9499","66"
"Albardón",24362,24857,25351,25846,26340,26833,27325,27815,28304,28788,29269,29744,30218,30687,31150,"31609","70"
"Angaco",8310,8398,8487,8575,8663,8751,8839,8926,9013,9100,9186,9271,9356,9439,9522,"9604","70"
"Calingasta",8794,8865,8937,9008,9079,9151,9222,9293,9363,9433,9503,9571,9641,9708,9775,"9841","70"
"Capital",111999,111536,111072,110608,110145,109684,109222,108764,108306,107850,107401,106955,106509,106070,105639,"105208","70"
"Caucete",39133,39819,40505,41191,41877,42560,43241,43922,44598,45271,45938,46598,47255,47904,48547,"49183","70"
"Chimbas",88999,90775,92553,94331,96107,97878,99645,101405,103159,104900,106627,108341,110040,111724,113390,"115037","70"
"Iglesia",9261,9586,9913,10240,10566,10892,11216,11539,11862,12182,12499,12814,13126,13435,13741,"14045","70"
"Jáchal",22253,22387,22522,22657,22791,22924,23058,23191,23324,23456,23586,23716,23845,23972,24098,"24223","70"
"9 de Julio",9482,9711,9941,10172,10401,10629,10858,11086,11313,11538,11761,11982,12202,12420,12634,"12848","70"
"Pocito",54060,55730,57402,59075,60745,62410,64071,65726,67376,69014,70638,72249,73847,75430,76998,"78546","70"
"Rawson",117007,118001,118995,119991,120984,121975,122962,123948,124929,125904,126870,127828,128779,129722,130654,"131576","70"
"Rivadavia",84505,85355,86205,87056,87906,88753,89598,90441,91279,92112,92939,93758,94571,95377,96174,"96962","70"
"San Martín",11360,11508,11657,11805,11953,12101,12248,12394,12541,12687,12830,12973,13114,13255,13394,"13531","70"
"Santa Lucía",49139,49760,50382,51004,51625,52244,52862,53478,54091,54701,55304,55904,56498,57087,57669,"58246","70"
"Sarmiento",22584,23020,23457,23892,24329,24763,25196,25629,26059,26487,26910,27331,27748,28161,28570,"28974","70"
"Ullum",4995,5056,5116,5178,5239,5299,5359,5419,5479,5538,5598,5656,5715,5772,5829,"5885","70"
"Valle Fértil",7392,7453,7515,7576,7638,7698,7760,7821,7881,7942,8001,8060,8118,8177,8234,"8291","70"
"25 de Mayo",17483,17765,18048,18330,18613,18895,19175,19455,19734,20010,20285,20557,20827,21095,21360,"21622","70"
"Zonda",4958,5070,5182,5295,5407,5519,5631,5742,5853,5963,6072,6181,6288,6395,6500,"6604","70"
"Ayacucho",19613,19856,20100,20344,20587,20830,21071,21313,21554,21793,22030,22266,22501,22733,22963,"23189","74"
"Belgrano",4104,4122,4140,4158,4176,4193,4211,4229,4246,4264,4281,4298,4316,4333,4350,"4367","74"
"Chacabuco",21318,21568,21818,22068,22318,22566,22815,23063,23309,23555,23798,24040,24280,24519,24754,"24987","74"
"Coronel Pringles",13541,13619,13698,13775,13853,13931,14008,14085,14162,14239,14315,14391,14466,14540,14613,"14686","74"
"General Pedernera",129349,130973,132599,134223,135845,137464,139078,140687,142291,143887,145471,147044,148606,150152,151684,"153196","74"
"Gobernador Dupuy",12122,12198,12273,12348,12424,12499,12574,12647,12722,12796,12869,12942,13014,13086,13157,"13227","74"
"Junín",29607,30481,31353,32226,33097,33966,34833,35697,36559,37416,38266,39111,39950,40782,41604,"42416","74"
"La Capital",209426,212801,216175,219549,222916,226277,229628,232974,236302,239614,242908,246175,249414,252625,255804,"258947","74"
"Libertador General San Martín",4864,4816,4768,4720,4673,4625,4578,4530,4484,4436,4390,4343,4298,4253,4208,"4163","74"
"Corpen Aike",11153,11522,11892,12263,12635,13007,13379,13752,14124,14497,14869,15243,15617,15991,16365,"16738","78"
"Deseado",108157,112211,116277,120353,124434,128514,132598,136687,140782,144876,148968,153063,157167,161269,165378,"169485","78"
"Güer Aike",114031,116487,118955,121466,124000,126555,129110,131668,134230,136792,139354,141917,144483,147052,149620,"152189","78"
"Lago Argentino",18891,20104,21322,22503,23666,24809,25953,27099,28245,29393,30540,31688,32837,33988,35139,"36291","78"
"Lago Buenos Aires",8795,9090,9386,9684,9981,10277,10575,10873,11171,11469,11767,12065,12364,12663,12962,"13260","78"
"Magallanes",9250,9563,9877,10190,10504,10820,11134,11449,11764,12080,12395,12711,13027,13344,13659,"13976","78"
"Río Chico",5175,5437,5698,5961,6224,6487,6750,7014,7277,7540,7805,8069,8332,8597,8861,"9126","78"
"Belgrano",45619,46186,46760,47341,47927,48517,49110,49705,50301,50897,51493,52086,52679,53269,53857,"54442","82"
"Caseros",83778,84332,84893,85457,86021,86582,87140,87691,88236,88772,89297,89812,90314,90804,91281,"91746","82"
"Castellanos",181359,183736,186140,188573,191030,193506,195997,198499,201008,203520,206032,208542,211047,213548,216041,"218527","82"
"Constitución",88623,89409,90203,91002,91805,92609,93411,94211,95006,95794,96574,97346,98106,98857,99596,"100325","82"
"Garay",21299,21502,21707,21914,22122,22330,22540,22747,22954,23160,23364,23566,23766,23964,24159,"24352","82"
"General López",194799,196496,198209,199936,201668,203403,205133,206858,208572,210270,211950,213608,215245,216859,218447,"220011","82"
"General Obligado",179786,181709,183653,185616,187591,189576,191565,193554,195540,197519,199488,201445,203388,205315,207225,"209119","82"
"Iriondo",68053,68459,68868,69280,69691,70100,70505,70905,71298,71685,72062,72429,72787,73133,73469,"73794","82"
"La Capital",535423,540161,544947,549769,554611,559457,564297,569119,573912,578665,583368,588016,592604,597127,601585,"605978","82"
"Las Colonias",106838,108342,109866,111409,112969,114544,116129,117726,119328,120936,122547,124160,125772,127385,128997,"130607","82"
"9 de Julio",30410,30720,31033,31348,31666,31986,32306,32624,32942,33260,33574,33886,34195,34502,34806,"35107","82"
"Rosario",1218189,1225561,1233017,1240495,1247966,1255394,1262751,1270018,1277164,1284166,1291010,1297681,1304168,1310461,1316568,"1322478","82"
"San Cristóbal",70216,70905,71600,72302,73008,73715,74423,75129,75833,76534,77228,77917,78599,79273,79940,"80600","82"
"San Javier",31581,31829,32080,32332,32585,32837,33089,33339,33588,33832,34075,34313,34547,34778,35004,"35226","82"
"San Jerónimo",82432,83177,83930,84689,85451,86214,86977,87737,88492,89243,89985,90720,91445,92161,92866,"93563","82"
"San Justo",41755,41988,42222,42458,42693,42926,43157,43385,43608,43827,44041,44247,44447,44642,44830,"45010","82"
"San Lorenzo",160056,162403,164777,167185,169621,172080,174559,177054,179564,182083,184609,187140,189674,192210,194747,"197285","82"
"San Martín",65105,65670,66242,66816,67394,67971,68548,69123,69694,70259,70819,71372,71918,72455,72985,"73506","82"
"Vera",52586,52823,53065,53306,53546,53785,54019,54250,54474,54691,54902,55104,55298,55484,55660,"55829","82"
"Aguirre",7658,7739,7821,7904,7989,8074,8159,8244,8329,8415,8500,8585,8668,8751,8833,"8913","86"
"Alberdi",17343,17576,17811,18050,18290,18532,18776,19021,19266,19511,19755,19997,20236,20474,20708,"20938","86"
"Atamisqui",10973,11131,11293,11455,11619,11784,11951,12118,12286,12452,12619,12784,12948,13110,13269,"13426","86"
"Avellaneda",20899,21098,21298,21501,21706,21912,22119,22328,22536,22745,22952,23158,23362,23564,23763,"23958","86"
"Banda",142941,144913,146908,148924,150962,153014,155079,157154,159233,161307,163370,165419,167451,169458,171438,"173384","86"
"Belgrano",9264,9445,9630,9815,10002,10190,10381,10571,10763,10954,11144,11332,11519,11703,11886,"12065","86"
"Capital",268713,271543,274405,277307,280230,283187,286150,289136,292124,295109,298076,301019,303936,306825,309665,"312462","86"
"Choya",34982,35127,35274,35422,35573,35724,35876,36029,36182,36334,36486,36637,36786,36934,37080,"37223","86"
"Copo",31484,32113,32751,33396,34048,34703,35364,36028,36692,37356,38016,38671,39321,39963,40597,"41219","86"
"Figueroa",17998,18050,18102,18154,18207,18260,18315,18368,18422,18476,18529,18582,18635,18687,18739,"18789","86"
"General Taboada",38424,38626,38832,39039,39249,39459,39672,39885,40098,40310,40522,40732,40941,41146,41349,"41549","86"
"Guasayán",7672,7701,7730,7759,7789,7818,7847,7878,7908,7937,7967,7997,8026,8055,8083,"8111","86"
"Jiménez",14434,14599,14767,14936,15107,15278,15450,15625,15798,15972,16144,16316,16485,16654,16820,"16983","86"
"Juan F. Ibarra",18176,18328,18482,18638,18796,18955,19113,19273,19435,19595,19753,19912,20068,20223,20376,"20526","86"
"Loreto",20086,20447,20810,21179,21551,21925,22303,22681,23060,23439,23815,24190,24560,24926,25287,"25643","86"
"Mitre",1906,1918,1930,1941,1953,1965,1977,1990,2002,2014,2026,2038,2050,2062,2074,"2084","86"
"Moreno",32228,32796,33371,33953,34541,35131,35727,36325,36924,37521,38117,38706,39292,39871,40441,"41002","86"
"Ojo de Agua",14118,14211,14306,14402,14499,14596,14695,14793,14892,14991,15089,15186,15283,15377,15471,"15564","86"
"Pellegrini",20677,20821,20965,21110,21258,21407,21556,21706,21857,22007,22156,22304,22452,22597,22740,"22881","86"
"Quebrachos",10726,10672,10616,10559,10499,10440,10380,10319,10258,10197,10136,10077,10019,9962,9906,"9852","86"
"Río Hondo",55200,55776,56359,56948,57544,58142,58746,59352,59958,60564,61166,61764,62357,62943,63521,"64089","86"
"Rivadavia",5065,5081,5097,5113,5130,5146,5163,5179,5197,5213,5230,5246,5263,5279,5295,"5311","86"
"Robles",44624,45234,45850,46473,47102,47735,48373,49013,49655,50296,50933,51565,52192,52812,53423,"54024","86"
"Salavina",11306,11385,11465,11545,11626,11708,11791,11874,11957,12039,12123,12204,12285,12365,12444,"12522","86"
"San Martín",9896,9995,10095,10196,10297,10400,10503,10606,10710,10814,10917,11019,11121,11221,11320,"11417","86"
"Sarmiento",4661,4672,4684,4696,4706,4718,4728,4739,4751,4762,4772,4784,4795,4806,4817,"4829","86"
"Silípica",7792,7812,7832,7853,7874,7894,7915,7937,7958,7979,8000,8021,8042,8062,8083,"8102","86"
"Burruyacú",37965,38697,39430,40165,40898,41628,42356,43081,43802,44518,45225,45927,46620,47306,47983,"48651","90"
"Capital",565221,569307,573408,577503,581601,585681,589748,593798,597822,601811,605767,609681,613557,617384,621165,"624890","90"
"Chicligasta",83026,84179,85335,86492,87647,88798,89945,91088,92223,93351,94466,95570,96664,97745,98812,"99865","90"
"Cruz Alta",185413,188882,192359,195839,199313,202777,206227,209664,213080,216470,219826,223148,226437,229688,232897,"236062","90"
"Famaillá",35482,36156,36832,37508,38182,38856,39526,40193,40857,41516,42167,42813,43451,44083,44707,"45321","90"
"Graneros",13961,14083,14207,14330,14453,14576,14698,14820,14941,15062,15181,15299,15416,15531,15645,"15758","90"
"Juan B. Alberdi",31099,31522,31946,32370,32795,33217,33638,34057,34474,34888,35297,35703,36104,36500,36892,"37278","90"
"La Cocha",19547,19817,20087,20357,20627,20896,21164,21431,21697,21960,22222,22479,22735,22988,23237,"23484","90"
"Leales",56557,57202,57848,58496,59142,59786,60428,61067,61703,62334,62958,63575,64187,64792,65389,"65977","90"
"Lules",70179,72144,74113,76085,78053,80014,81970,83916,85852,87772,89673,91554,93417,95259,97076,"98869","90"
"Monteros",65428,66428,67430,68433,69434,70432,71427,72417,73402,74379,75346,76303,77251,78188,79112,"80025","90"
"Río Chico",58467,59280,60094,60910,61725,62536,63344,64150,64950,65745,66531,67310,68080,68842,69594,"70336","90"
"Simoca",31811,32068,32326,32585,32843,33100,33356,33612,33865,34116,34366,34613,34856,35098,35336,"35572","90"
"Tafí del Valle",15363,15578,15794,16011,16226,16441,16656,16869,17082,17293,17502,17708,17912,18114,18314,"18511","90"
"Tafí Viejo",124886,127430,129980,132531,135080,137619,140149,142669,145174,147660,150121,152557,154969,157352,159705,"162025","90"
"Trancas",17844,18200,18555,18912,19268,19623,19976,20328,20679,21026,21369,21710,22047,22380,22709,"23033","90"
"Yerba Buena",76976,78959,80945,82933,84918,86898,88868,90832,92785,94721,96639,98537,100415,102273,104107,"105914","90"
"Antártida Argentina",214,220,227,235,241,248,255,263,270,277,283,291,298,305,313,"320","94"
"Río Grande",72491,74777,77079,79395,81723,84061,86410,88768,91133,93507,95889,98277,100678,103088,105505,"107928","94"
"Ushuaia",58956,60745,62546,64357,66179,68008,69844,71689,73541,75399,77260,79129,81007,82892,84783,"86678","94"
